Date;GDP_Index;Inflation_Rate;Interest_Rate;Exchange_Rate;Stock_Market_Index
01-01-2000;100.2983571;2.279871087;2.797446518;1.181921924;1996.182532
02-01-2000;100.2792249;2.184926737;2.956644399;1.174318074;1996.526515
03-01-2000;100.6530692;2.011926074;2.762274024;1.171182019;1997.116599
04-01-2000;101.4645841;1.870612644;2.907611541;1.191058896;1999.979751
05-01-2000;101.3975074;2.139644663;2.4319156;1.197624427;1993.645459
06-01-2000;101.330439;2.078697077;3.063988112;1.185269611;1997.108295
07-01-2000;102.1700454;2.179038644;3.000361643;1.191129974;1984.086337
08-01-2000;102.6037627;2.12703436;2.754873411;1.176656934;1981.436914
09-01-2000;102.4190255;2.209910543;3.197773701;1.188483845;1979.495545
10-01-2000;102.7403056;1.892952958;3.281271041;1.184772598;1983.162179
11-01-2000;102.5585967;2.263478813;2.517732041;1.184836236;1983.775333
12-01-2000;102.3757318;2.039519921;2.771182566;1.199094203;1977.247518
13-01-2000;102.546713;2.415052175;2.769257295;1.187222567;1972.822553
14-01-2000;101.6400728;1.862162436;2.71802907;1.174251385;1974.315953
15-01-2000;100.8276139;2.347192761;3.248842453;1.169415392;1974.420616
16-01-2000;100.5964702;2.039582157;2.941852158;1.18079918;1972.024995
17-01-2000;100.1400546;1.869716399;2.920645548;1.16660572;1970.120826
18-01-2000;100.3471783;1.903222833;2.398841291;1.139284164;1974.101666
19-01-2000;99.94316624;1.935930538;3.190625409;1.135772575;1972.013204
20-01-2000;99.28701439;2.084833189;2.628222482;1.142289983;1972.072747
21-01-2000;100.0698388;2.104567098;3.017979789;1.155292601;1983.42243
22-01-2000;100.0069506;1.885259999;3.083213081;1.151660987;1976.804017
23-01-2000;100.0907147;1.995129082;3.408197579;1.148546721;1968.044803
24-01-2000;99.42834063;2.428454072;2.60735388;1.161085728;1972.462752
25-01-2000;99.20614927;2.345508634;2.094146353;1.143388311;1969.569536
26-01-2000;99.31161056;2.087264734;3.055154863;1.140503104;1968.478349
27-01-2000;98.78611377;2.007600696;3.540153354;1.143407342;1965.072567
28-01-2000;99.02396278;2.024006265;3.371683906;1.14889953;1964.273566
29-01-2000;98.77364344;2.122703595;3.062897825;1.144801463;1972.766257
30-01-2000;98.67779656;1.795441487;2.852509144;1.146145873;1977.276899
31-01-2000;98.42694326;1.948524693;3.242136779;1.122262599;1982.088017
01-02-2000;99.40308235;1.666283185;2.70793614;1.116680115;1975.506881
02-02-2000;99.44633374;2.079844625;3.142907331;1.122215202;1970.251113
03-02-2000;98.96747827;2.129439188;3.151641048;1.113392262;1956.555719
04-02-2000;99.42875073;1.903362708;3.318062972;1.114982104;1953.008815
05-02-2000;98.8683289;2.314797353;3.827898012;1.120450829;1958.292331
06-02-2000;99.0227607;1.754846867;3.11772479;1.118025337;1961.377064
07-02-2000;98.09292564;1.707125024;2.847310912;1.120729975;1960.769497
08-02-2000;97.47883261;2.044890364;2.992327706;1.112102649;1961.157996
09-02-2000;97.62726323;2.209419661;2.469277229;1.111036536;1958.213568
10-02-2000;98.04649652;2.336785538;2.791586061;1.118138698;1959.737363
11-02-2000;98.18218066;1.908223147;2.877215269;1.120708428;1964.066754
12-02-2000;98.17435652;2.215736167;2.842773481;1.115843115;1956.48732
13-02-2000;98.07380467;1.992298306;3.045706462;1.119085279;1958.485559
14-02-2000;97.38454368;1.96547454;2.75327402;1.127231377;1963.647733
15-02-2000;97.07462157;2.176731987;3.3363092;1.107731964;1962.072231
16-02-2000;96.89430219;2.130464576;3.000062119;1.120322705;1966.075735
17-02-2000;97.4728633;1.684721569;2.997209904;1.117960157;1980.649007
18-02-2000;97.69467245;2.29530807;2.901631585;1.123215057;1980.627293
19-02-2000;96.86315237;2.276018271;3.046557205;1.136187526;1983.093828
20-02-2000;97.07519435;1.87488746;3.247529479;1.123470789;1979.903543
21-02-2000;96.93265321;2.079160707;2.739860935;1.117376379;1981.309798
22-02-2000;96.64419221;2.098806037;2.802565053;1.115490892;1984.111157
23-02-2000;97.00003036;2.052134753;2.908882191;1.108653357;1985.585368
24-02-2000;97.56553012;1.889938969;2.596238723;1.127002723;1980.986892
25-02-2000;98.08117018;1.865675326;2.754222642;1.119435002;1982.518701
26-02-2000;97.71156142;1.994889186;2.857133738;1.114879534;1990.32968
27-02-2000;97.60695523;2.234545804;3.262316754;1.117923424;1993.072859
28-02-2000;97.82258694;2.108720031;3.078768399;1.106901929;1998.382795
29-02-2000;98.36035951;1.925877134;3.058076973;1.103945122;1997.697735
01-03-2000;98.17077239;2.154339742;3.255269389;1.108119654;2001.947236
02-03-2000;98.1279429;1.430291476;2.958788463;1.10579105;2003.843576
03-03-2000;97.62477541;2.22975314;3.117139455;1.105857182;1999.589022
04-03-2000;97.0766721;1.652057244;2.969033474;1.101563861;2001.681627
05-03-2000;97.53293501;1.927511812;3.079608705;1.087419158;1997.223144
06-03-2000;98.26105503;1.776066021;2.825172403;1.09163509;1994.558742
07-03-2000;98.27504997;1.741063705;2.268354853;1.11018442;1996.005384
08-03-2000;98.82681642;2.232165357;2.959716251;1.111368437;1997.991605
09-03-2000;99.05763443;1.90645976;3.426824441;1.114621078;1992.545443
10-03-2000;98.78507455;2.069300776;3.277864621;1.122548305;1998.315372
11-03-2000;99.01577235;1.990615884;3.289619245;1.110855;2001.675403
12-03-2000;99.83479064;2.095408165;3.370839217;1.128880147;1998.651761
13-03-2000;99.86687762;2.015364378;3.026597277;1.131903435;1991.463837
14-03-2000;100.6991994;1.743401555;3.059194712;1.149222004;1991.239314
15-03-2000;99.43932689;2.199253364;2.814704431;1.142891674;1989.509595
16-03-2000;99.90027814;1.901248683;2.905178143;1.162072293;1990.575298
17-03-2000;99.99380168;1.68868362;3.184731345;1.170823848;1989.259714
18-03-2000;99.894298;1.914376968;3.361165331;1.177354249;1979.72243
19-03-2000;99.99017839;2.300151958;2.958166117;1.180694494;1978.280695
20-03-2000;99.04639393;2.170044348;2.864943221;1.179209207;1977.2526
21-03-2000;98.98655799;1.930269573;3.000158388;1.192214524;1980.920905
22-03-2000;99.21511428;1.930148459;3.180362025;1.194618123;1977.929907
23-03-2000;100.0040613;1.93567299;2.566843555;1.175947426;1986.82328
24-03-2000;99.79492619;2.415349597;2.311145714;1.165775561;1977.765077
25-03-2000;99.44067939;2.07638709;2.834838945;1.164917104;1984.820915
26-03-2000;99.23980087;2.086008329;2.633786272;1.169017093;1984.19932
27-03-2000;99.74750193;2.206056691;2.847557941;1.169451208;1988.997244
28-03-2000;99.96187748;2.047757832;2.955665904;1.182640916;1989.896252
29-03-2000;99.74699738;1.948191571;2.864025477;1.164129898;1996.094029
30-03-2000;100.0536311;1.96073003;3.43574026;1.166565777;1994.657219
31-03-2000;100.1521699;1.985679748;3.098023429;1.149385985;1989.664117
01-04-2000;100.6864924;1.992555553;3.090142308;1.157983108;1997.266639
02-04-2000;100.3854658;2.145525909;3.186662143;1.158038521;1997.199236
03-04-2000;100.2716347;2.010389177;2.658350065;1.16323462;1998.807028
04-04-2000;100.1255807;2.146528015;3.311733536;1.155595791;2005.480788
05-04-2000;99.44382319;1.983856684;2.977270714;1.16939044;2000.821011
06-04-2000;99.64188333;2.015727038;3.201144185;1.180807687;2004.298466
07-04-2000;99.82241097;1.600359863;2.67844283;1.18764313;2001.848992
08-04-2000;99.8749677;2.183265535;2.53387237;1.187347957;2001.688145
09-04-2000;99.80767413;2.069297695;3.245366897;1.19414653;2002.54954
10-04-2000;99.14998876;2.199602022;3.112922858;1.188077604;1995.548431
11-04-2000;98.9896661;1.420748924;2.729384534;1.197633161;1992.154246
12-04-2000;98.86830884;2.417674941;2.739101076;1.21512797;1999.40961
13-04-2000;98.51717021;1.972082074;3.337630435;1.226834076;2004.340566
14-04-2000;98.48652735;2.221636563;2.643176432;1.220538051;2004.527368
15-04-2000;98.73855278;1.792018815;3.492801886;1.225152224;2006.242985
16-04-2000;99.73164573;2.122554781;2.72981378;1.213220809;2005.271773
17-04-2000;99.86893463;1.789316887;3.191517578;1.219944712;2012.55469
18-04-2000;100.0477098;1.875246208;2.901414457;1.225450746;2012.052927
19-04-2000;100.0604869;2.382806271;3.180956229;1.207752582;2013.712137
20-04-2000;99.15110126;1.96186352;2.836765799;1.197134744;2019.942288
21-04-2000;99.18784433;2.043486575;2.951162128;1.195303355;2016.555431
22-04-2000;99.26795943;2.174013546;3.012275753;1.193294758;2024.849377
23-04-2000;100.5495805;2.099136378;2.699343763;1.182199988;2017.697069
24-04-2000;100.5034;2.030083781;3.222247304;1.187089776;2026.34528
25-04-2000;100.7041737;2.0729922;2.84603593;1.190604512;2024.981902
26-04-2000;100.7368178;2.480683117;2.931420025;1.18966182;2024.268408
27-04-2000;100.2024788;1.988476241;2.701695188;1.183103905;2015.318358
28-04-2000;100.8238902;2.040219809;2.231299902;1.194590977;2013.544384
29-04-2000;101.2498567;2.210130879;2.942691671;1.212145048;2008.845351
30-04-2000;101.6953727;2.221105187;3.723784626;1.208309433;2006.30712
01-05-2000;101.2906789;2.237406061;3.235381286;1.203187764;2006.120565
02-05-2000;102.0420761;2.127746044;2.994221886;1.20909984;2011.409523
03-05-2000;101.3911506;1.771399017;2.921132751;1.206519547;2012.94754
04-05-2000;101.7345791;2.326686306;3.006739768;1.206125575;2014.985923
05-05-2000;102.8798069;1.770730921;3.164135735;1.214522106;2010.008326
06-05-2000;102.4345388;2.060527093;2.645756155;1.196428545;2006.104556
07-05-2000;102.2013899;1.84914483;3.334296508;1.210611568;2015.598181
08-05-2000;102.3012156;1.987172331;3.214614395;1.212338374;2012.422175
09-05-2000;102.0994778;2.065752482;3.215455718;1.209223442;2021.203217
10-05-2000;101.374146;2.064271443;3.131542722;1.209331101;2020.487911
11-05-2000;101.4584275;2.084384151;3.005884997;1.209955394;2020.99935
12-05-2000;100.9772757;2.322742254;3.201858371;1.193643381;2026.851176
13-05-2000;101.2640719;2.09070686;3.17754424;1.209592763;2033.710638
14-05-2000;100.8543598;1.951168673;2.893787787;1.21100602;2033.656576
15-05-2000;101.679327;2.192817434;2.827919468;1.216436041;2032.21536
16-05-2000;101.3377003;2.237894098;3.030556889;1.226951539;2032.435758
17-05-2000;101.2266696;1.754478437;3.464706045;1.217739914;2034.625546
18-05-2000;101.6834282;2.119480014;2.628267877;1.223474633;2039.582064
19-05-2000;101.117996;2.140234548;2.55974242;1.221798222;2040.103213
20-05-2000;101.281726;1.940487299;3.049428252;1.23126593;2043.697645
21-05-2000;101.9852974;2.275141363;3.015266311;1.210993656;2052.389444
22-05-2000;101.2315557;1.969988883;3.052002499;1.211002713;2054.795992
23-05-2000;101.3738727;2.025115291;3.073185959;1.205974506;2056.854256
24-05-2000;101.5538141;1.965385635;2.933039324;1.211297136;2049.759702
25-05-2000;101.9947255;2.00311581;3.446959032;1.216997578;2037.106051
26-05-2000;101.4262502;1.780744983;2.519728806;1.210921319;2039.54793
27-05-2000;100.8160218;1.711989823;2.751450893;1.20479958;2039.573809
28-05-2000;101.1269926;2.318901013;2.969023572;1.204692926;2037.499895
29-05-2000;101.325485;1.83060773;2.507043357;1.196726504;2039.217546
30-05-2000;101.5007314;1.80172153;2.947243679;1.206146341;2039.415528
31-05-2000;101.7239555;1.569321977;3.49844105;1.203454269;2045.554429
01-06-2000;101.4339431;1.87220765;3.006265946;1.175384387;2046.484983
02-06-2000;101.60007;1.735382041;3.069210272;1.172636166;2043.250367
03-06-2000;101.7966062;2.328403032;2.62195057;1.163250728;2048.701198
04-06-2000;101.4894305;2.201963418;2.815091578;1.14793797;2048.115543
05-06-2000;102.4723178;1.862369931;2.887441086;1.136563704;2051.248226
06-06-2000;102.7592342;2.450487161;2.904685471;1.138657788;2049.361172
07-06-2000;102.2135825;2.196353097;3.384493139;1.152944197;2046.612038
08-06-2000;102.5918593;1.935033723;3.167307318;1.157076041;2047.532879
09-06-2000;102.1545184;1.500118857;2.666562613;1.152011007;2048.097022
10-06-2000;102.5980607;2.458188515;3.073951434;1.157570049;2050.996158
11-06-2000;103.2273585;1.722085507;3.149466525;1.153979146;2050.152929
12-06-2000;102.8670174;1.670920251;3.342044712;1.148033143;2041.47113
13-06-2000;103.3987054;2.204514086;3.474162206;1.137489516;2039.80726
14-06-2000;103.6550959;2.487950481;2.695471742;1.120971228;2044.276353
15-06-2000;104.116126;2.276854564;2.756742747;1.118071991;2043.289472
16-06-2000;105.1145225;2.112781824;2.622726642;1.120652526;2042.557555
17-06-2000;105.0418284;2.118950868;2.929794042;1.120686289;2047.989438
18-06-2000;104.7149603;2.170683112;3.139907512;1.11752662;2044.929572
19-06-2000;104.3202031;2.151785718;3.296200355;1.109069159;2037.715556
20-06-2000;103.962298;2.056238285;2.977214693;1.116151621;2037.4124
21-06-2000;103.9737471;2.020840221;2.904045743;1.103980302;2035.49153
22-06-2000;104.1943231;1.987481374;3.045527398;1.112740581;2031.160299
23-06-2000;104.3826685;1.849207082;2.74945713;1.103718411;2030.783406
24-06-2000;104.8462601;1.943864985;3.626861617;1.097194058;2033.740935
25-06-2000;104.9027611;1.661408637;2.517701692;1.083526206;2034.194492
26-06-2000;105.6795281;1.980332075;3.055422174;1.079512185;2036.229397
27-06-2000;105.5971997;1.802281779;3.607081866;1.09026531;2045.796436
28-06-2000;107.0072843;1.779282137;3.002039953;1.09642159;2044.582041
29-06-2000;107.370118;2.03597883;2.942988289;1.107205812;2046.473785
30-06-2000;106.9915392;2.278400457;2.892766373;1.113427237;2044.427718
01-07-2000;106.5060929;2.183663321;2.945882495;1.103390539;2040.695919
02-07-2000;106.7973291;1.685899879;3.411854542;1.101082647;2038.271381
03-07-2000;106.7355977;1.802074373;2.336441427;1.094280655;2036.377588
04-07-2000;107.142598;2.188154238;3.46003011;1.108586404;2038.674967
05-07-2000;107.4292168;1.803502521;2.572812854;1.097618518;2050.920346
06-07-2000;107.4428024;1.95507337;2.920004301;1.107555495;2047.840129
07-07-2000;107.0694055;2.11001042;2.871226674;1.117485033;2046.257002
08-07-2000;106.3619819;1.806331109;3.176565981;1.136781235;2046.441387
09-07-2000;106.1887244;2.021075101;2.520562694;1.13368437;2048.920381
10-07-2000;106.6669238;1.733194901;3.1386518;1.141807591;2050.738135
11-07-2000;106.8239707;1.879726471;3.607292887;1.165624109;2057.658614
12-07-2000;106.2511013;2.063956387;2.591047799;1.160447693;2046.026654
13-07-2000;106.3876917;1.681401253;3.05691185;1.14609729;2034.592005
14-07-2000;106.6303504;2.088094948;2.801405347;1.12829719;2032.612614
15-07-2000;106.2384217;1.99607244;3.127766162;1.13642431;2038.599115
16-07-2000;106.3652843;2.110497991;3.005744333;1.118592808;2031.270875
17-07-2000;106.4443886;2.044782827;2.807553927;1.115869618;2016.732713
18-07-2000;105.9229035;2.272828086;3.146361685;1.121242749;2020.08861
19-07-2000;106.1517972;2.025044901;3.541304433;1.124094505;2021.806896
20-07-2000;106.4821894;1.914118892;2.942728862;1.129348953;2016.855854
21-07-2000;107.073715;2.024459501;3.215927383;1.132571852;2012.428156
22-07-2000;107.6506161;2.108659606;2.612018113;1.14636051;2008.079437
23-07-2000;107.0117814;2.009772014;2.713069087;1.137837346;2009.132114
24-07-2000;106.5928689;2.008118338;3.141721883;1.132067395;2006.500538
25-07-2000;106.9003865;1.859601662;3.445234809;1.1253408;2009.470857
26-07-2000;107.2072795;1.867419816;3.106684005;1.134642719;1995.697724
27-07-2000;107.5148033;1.719478946;2.906082591;1.144646704;1991.913465
28-07-2000;109.4911691;2.349915349;2.999787422;1.150158958;1986.783195
29-07-2000;109.8266143;1.751227353;2.62487768;1.162993894;1986.001491
30-07-2000;110.4443971;1.86141896;3.181354598;1.152213486;1983.811253
31-07-2000;110.971398;1.856318547;3.264699919;1.169885727;1988.300472
01-08-2000;111.3470937;2.178984875;2.8643729;1.186118113;1979.503788
02-08-2000;111.239459;1.941010064;2.858987356;1.194474333;1980.231245
03-08-2000;111.6689436;2.249548415;3.079763469;1.213292322;1983.522927
04-08-2000;111.332531;1.865301875;2.868984079;1.19772609;1993.306164
05-08-2000;111.2641217;2.055798832;2.980160216;1.193481609;1991.397335
06-08-2000;111.07144;1.832930589;3.629916537;1.187128574;1993.519628
07-08-2000;111.162377;2.429029826;2.92589229;1.195343367;1985.000314
08-08-2000;112.3697063;1.762480316;2.892497954;1.18584196;1973.540533
09-08-2000;111.4860737;2.061964142;2.805737458;1.194416911;1978.264404
10-08-2000;111.8792038;2.126755376;3.223257591;1.209122273;1978.736603
11-08-2000;111.1228459;2.082759819;2.945632748;1.217074302;1985.129166
12-08-2000;110.9368799;1.962942468;2.805188089;1.220911812;1978.762152
13-08-2000;111.5313552;1.97403586;3.39639121;1.212033079;1981.861663
14-08-2000;111.6134952;2.008762294;3.425880901;1.204564569;1991.705752
15-08-2000;111.1246229;1.9705996;2.81987293;1.218060758;1994.30428
16-08-2000;110.816971;2.192775823;2.440038015;1.226854248;1996.187187
17-08-2000;111.2067699;2.4421046;3.302254107;1.227464053;1996.729968
18-08-2000;110.8915866;1.888501643;2.794611052;1.224284957;1989.375561
19-08-2000;111.0498159;1.726039404;3.23718768;1.205026879;1996.653425
20-08-2000;111.1226018;1.98234359;2.408968855;1.195318354;1994.099137
21-08-2000;110.8468016;2.515941868;3.267779201;1.215432545;1997.121553
22-08-2000;111.9687736;1.839265086;2.636648421;1.20362799;1989.806382
23-08-2000;112.3357332;2.327823361;3.219229236;1.206522788;1984.409083
24-08-2000;111.3731619;2.335540163;3.00428192;1.217597228;1992.08452
25-08-2000;111.516389;1.889282352;2.713818174;1.206048001;1990.848009
26-08-2000;111.2354958;2.113796616;2.877889106;1.208895106;1998.614386
27-08-2000;111.7117125;2.325679325;3.205895537;1.219274261;1998.723233
28-08-2000;111.3654521;1.924174452;3.031768336;1.220399254;1990.013744
29-08-2000;111.3580839;1.959283928;3.175323894;1.250083285;1994.974082
30-08-2000;111.6605775;1.883663817;3.592932175;1.234397292;1992.524621
31-08-2000;112.1434551;1.797048654;2.530727516;1.245984578;1996.518065
01-09-2000;111.5933069;1.870144491;3.485163772;1.24525656;1997.144119
02-09-2000;111.4760563;1.755211947;3.031306781;1.253975762;1989.928528
03-09-2000;111.2885836;2.006816694;2.730364786;1.259388833;1991.250002
04-09-2000;111.011919;1.846005354;2.600905912;1.253057271;2002.731117
05-09-2000;111.9446461;2.046757182;2.943263883;1.256347235;2005.69605
06-09-2000;112.197137;1.688820871;3.276495034;1.238768221;2005.908461
07-09-2000;111.616695;2.066176046;2.961735264;1.245800696;2011.785178
08-09-2000;112.125626;2.166705792;3.453346479;1.24978228;2013.33852
09-09-2000;113.2367041;1.601252871;2.564647293;1.257168882;2014.886191
10-09-2000;113.8029367;2.074811314;2.996373316;1.268750065;2009.928066
11-09-2000;113.0932517;2.245533798;2.624281967;1.273426264;2011.597306
12-09-2000;112.9011347;1.758071796;3.109089565;1.275907158;2017.274523
13-09-2000;113.5845903;2.334514477;3.266066217;1.268096475;2013.594212
14-09-2000;113.2807555;2.083803802;2.873771462;1.261974267;2021.216691
15-09-2000;113.5526652;1.858997629;2.218735843;1.274841613;2021.258161
16-09-2000;113.9899823;1.988846184;3.059684444;1.290204967;2017.319313
17-09-2000;113.576517;2.111665383;3.131021566;1.288823863;2022.807474
18-09-2000;113.5967544;2.015201078;3.121288426;1.29028389;2021.873503
19-09-2000;112.0261207;2.107751198;3.370734658;1.282237746;2026.171077
20-09-2000;111.5639269;1.815865281;2.678683896;1.294965315;2025.212284
21-09-2000;111.4876428;2.033872165;3.204064832;1.302619483;2025.413153
22-09-2000;110.9137512;1.717257101;3.357752254;1.323031658;2028.380954
23-09-2000;111.7799569;1.977754788;2.466423725;1.315248427;2030.33544
24-09-2000;111.1148862;1.819218472;3.095895548;1.312468348;2020.857781
25-09-2000;110.9448639;1.852894011;2.848746051;1.315782807;2015.751562
26-09-2000;111.0602342;2.247218635;2.975543198;1.323247702;2020.898612
27-09-2000;111.8308709;2.218262024;3.104302945;1.322091026;2020.737929
28-09-2000;111.1629398;2.121827624;2.853831431;1.314361415;2018.619272
29-09-2000;111.7945217;1.781537447;2.797287576;1.32417549;2012.326402
30-09-2000;111.8496382;1.93671831;3.010245725;1.332386844;2007.427721
01-10-2000;111.4088839;2.24261954;2.673826218;1.324224103;1997.818728
02-10-2000;111.6899356;2.028343383;2.674252461;1.338778531;1997.812324
03-10-2000;111.8394654;2.463865908;3.203811985;1.351480518;1995.320136
04-10-2000;111.589357;2.078663568;2.655361789;1.353823483;1990.987197
05-10-2000;111.674258;2.038409823;3.19989375;1.355619462;1991.146579
06-10-2000;111.5316013;1.938176707;3.138777388;1.362160039;1993.466433
07-10-2000;111.6383599;2.026708181;2.482257981;1.354543009;2004.432422
08-10-2000;112.0194253;1.969506033;2.796730604;1.355843324;1997.373005
09-10-2000;112.8624337;2.141621735;3.358232821;1.335319488;2003.66991
10-10-2000;112.2935259;2.191340463;2.705650341;1.345084045;2009.035418
11-10-2000;113.4100426;1.842802108;2.860678721;1.330469112;2005.639955
12-10-2000;112.4839987;1.733753409;3.138618268;1.346503311;2007.156134
13-10-2000;112.4581062;1.632758925;3.235017153;1.34420211;2005.367968
14-10-2000;112.8022648;2.101598265;2.924538334;1.34308544;2006.796411
15-10-2000;112.9927607;1.779326679;2.820746942;1.337808101;2014.842066
16-10-2000;112.7314109;1.569421881;3.426710959;1.335927712;2018.370097
17-10-2000;112.6773498;2.077715721;3.521669899;1.351113025;2021.413139
18-10-2000;112.4808493;2.498599903;3.293657415;1.327234939;2019.761592
19-10-2000;112.236167;1.998785818;3.025595443;1.341004593;2012.841309
20-10-2000;112.710968;2.167698155;2.757520284;1.345384828;2012.298968
21-10-2000;112.9394758;2.016365872;2.750866678;1.334314611;2018.832009
22-10-2000;112.643021;1.980222069;3.156754232;1.324561487;2011.69617
23-10-2000;113.1428209;2.183815297;3.125519466;1.342325417;2006.920723
24-10-2000;113.3464707;1.941945091;3.420479578;1.333870349;2008.052061
25-10-2000;113.8029017;2.053478463;3.195135028;1.323336844;2003.628787
26-10-2000;114.1677161;2.064339561;2.549075909;1.335709989;2000.16617
27-10-2000;113.8032186;1.866381909;3.315584285;1.340095518;1998.548177
28-10-2000;113.5731281;2.19840847;2.700581812;1.331716262;1992.22009
29-10-2000;113.9967749;1.965008049;2.884808618;1.334882512;1987.849481
30-10-2000;114.35196;1.848850968;3.075060062;1.325624985;1991.866621
31-10-2000;114.3915093;2.107301969;3.598700247;1.337633199;1985.829772
01-11-2000;114.5001729;1.820306404;3.932975567;1.349246909;1978.340411
02-11-2000;115.1890054;2.005636231;3.182016918;1.35556697;1975.690286
03-11-2000;114.9432197;1.998176201;2.945041014;1.360183581;1979.850064
04-11-2000;115.2667684;2.217179113;3.160351695;1.378795462;1979.365455
05-11-2000;115.2156721;2.094939647;3.266296628;1.379792326;1977.542549
06-11-2000;115.1568315;1.994994608;2.903799712;1.368973584;1978.264343
07-11-2000;115.7562199;2.16355326;3.538563407;1.374468323;1970.035806
08-11-2000;116.2189281;2.27804151;3.069021228;1.396328794;1973.009334
09-11-2000;116.6756829;2.111562061;3.149322927;1.387181199;1975.42651
10-11-2000;117.3784223;2.002070524;3.199777276;1.384566571;1973.879967
11-11-2000;117.4389242;1.737632754;3.126475983;1.389731032;1979.40959
12-11-2000;117.8299007;1.786977267;3.25168215;1.390191983;1974.272109
13-11-2000;117.7247673;1.938955059;2.814824044;1.381368947;1980.411654
14-11-2000;117.9368505;1.87809756;2.832509474;1.393587526;1981.684122
15-11-2000;117.921779;1.962605739;2.66995373;1.417787933;1980.50136
16-11-2000;118.0202769;2.011329985;3.131850369;1.420749248;1980.901991
17-11-2000;118.3678555;2.105938551;3.233680951;1.412708565;1980.865668
18-11-2000;118.0087451;1.985900244;3.13733186;1.39821896;1987.467082
19-11-2000;119.1049387;2.097300329;3.50234773;1.40179872;1982.583686
20-11-2000;118.6519301;2.012894883;2.998321194;1.413837493;1979.27109
21-11-2000;118.0948358;1.604906687;3.200622497;1.41958917;1984.952605
22-11-2000;118.7238912;1.812132921;2.672489737;1.420565132;1982.47493
23-11-2000;119.1697225;1.971182489;2.883870089;1.415672415;1987.477595
24-11-2000;119.5317824;1.758061051;3.208661327;1.405750779;1996.474775
25-11-2000;119.8959552;2.119985746;3.254730633;1.415098292;1994.9658
26-11-2000;119.9398318;2.306150166;2.911809916;1.425236009;1998.872612
27-11-2000;119.5412046;2.24375237;2.978520224;1.410778711;1993.60415
28-11-2000;119.6291069;1.957311426;2.544637876;1.427677101;1997.877817
29-11-2000;119.3405261;2.298145227;2.89289124;1.434417813;1999.374937
30-11-2000;119.8780859;2.029733491;3.267114949;1.449413759;2002.240128
01-12-2000;119.8545572;1.932582806;3.172561505;1.436992482;1999.512268
02-12-2000;119.4918086;1.877319467;3.150199716;1.42433424;1991.706851
03-12-2000;119.3811157;1.939506063;3.014932106;1.423844547;1994.723111
04-12-2000;119.6375814;1.922364636;3.002118948;1.429872391;1984.906095
05-12-2000;119.4057192;2.034083244;2.801903658;1.448836;1983.819343
06-12-2000;119.044609;2.032114796;3.209648526;1.456896789;1989.025252
07-12-2000;119.2164526;2.000609204;3.126291883;1.455469976;1990.484741
08-12-2000;119.3889359;2.087387634;3.147605654;1.446206284;2000.726454
09-12-2000;119.1854643;2.238129255;2.842189547;1.45950629;2006.352
10-12-2000;118.9999451;2.189910827;2.353997124;1.450859235;2003.582508
11-12-2000;119.1659701;1.703020406;3.329145814;1.468143921;2004.219075
12-12-2000;118.4919279;1.489215773;2.856348763;1.466300074;2004.482221
13-12-2000;117.838196;2.186863982;2.741167271;1.483205895;1997.071337
14-12-2000;117.5289739;1.72662426;3.208043674;1.490995208;1992.869343
15-12-2000;117.4722503;1.95504692;2.882396208;1.490625253;1990.565538
16-12-2000;117.6777041;1.765977395;3.317980915;1.486431289;1980.884436
17-12-2000;118.4653822;1.639603912;3.185101785;1.484022211;1981.621903
18-12-2000;118.944212;2.108292546;3.205070797;1.489305378;1980.876544
19-12-2000;118.9142428;2.151831032;2.590213287;1.491076943;1973.012074
20-12-2000;118.9547347;1.88469792;3.363583196;1.486138828;1975.533139
21-12-2000;118.50347;1.481791542;3.078375159;1.485482514;1979.612503
22-12-2000;118.5442134;1.89075111;2.889216858;1.487268285;1981.247675
23-12-2000;118.4498841;2.078360801;3.04301654;1.466980944;1980.127334
24-12-2000;118.6612434;1.704217686;2.46712943;1.472562625;1983.584545
25-12-2000;118.2976279;2.036671984;3.122595843;1.463765413;1987.485647
26-12-2000;118.6073012;1.99693803;2.691188548;1.453232089;1989.522664
27-12-2000;119.4236706;2.1158583;2.594198914;1.437358645;1985.899603
28-12-2000;119.4192905;2.023916074;2.543292244;1.42041972;1987.782607
29-12-2000;119.6701464;1.805386212;3.333806512;1.407865245;1994.26001
30-12-2000;120.0652184;2.2393143;2.811220982;1.401775036;1991.776865
31-12-2000;119.9146082;1.968294085;3.460118313;1.422307627;2002.766562
01-01-2001;120.0766544;1.994539092;2.839259561;1.41804883;2000.638407
02-01-2001;120.1329506;1.813346408;2.487792613;1.420826331;2001.300442
03-01-2001;120.2317887;1.91134355;2.665042668;1.425831145;1998.438014
04-01-2001;119.8952838;1.823039457;3.370743486;1.428141797;2000.054368
05-01-2001;119.9575389;1.965410788;2.953230547;1.428367362;1991.84326
06-01-2001;120.256538;2.342341696;2.835513811;1.417414425;1989.613051
07-01-2001;121.0321098;1.725619771;3.048005468;1.4329237;1984.652445
08-01-2001;121.5617452;1.67728772;3.150534821;1.451995667;1985.829137
09-01-2001;122.6883364;2.294234065;3.335219645;1.43616908;1991.301373
10-01-2001;122.3546627;1.958135265;3.434549769;1.426928794;1995.031404
11-01-2001;122.840823;1.866185452;2.892069406;1.42513069;1983.673108
12-01-2001;122.982494;2.207980937;2.602185694;1.416485312;1994.383456
13-01-2001;124.1273955;1.878876892;2.875960452;1.422544968;1996.359856
14-01-2001;123.7732463;2.365201943;3.078084152;1.416262246;1992.97736
15-01-2001;123.4033854;2.135585174;2.710872322;1.438912807;1994.262999
16-01-2001;123.1536891;1.902417718;2.712854726;1.451818292;1995.643949
17-01-2001;122.1417412;2.431461643;3.103136364;1.454944033;1992.809705
18-01-2001;121.9288637;1.878857015;2.985404295;1.466213895;1994.299288
19-01-2001;121.5992974;2.148419074;3.009839099;1.4782729;1991.761927
20-01-2001;121.7244943;2.059858516;2.7724514;1.473633425;1990.240117
21-01-2001;121.9453722;2.260348258;2.930879786;1.466471252;1987.308721
22-01-2001;122.9334577;2.312302239;2.722730057;1.468252683;1980.645365
23-01-2001;123.4586696;2.00640083;3.267059523;1.477869044;1981.874547
24-01-2001;123.2202178;1.849316426;3.3105748;1.480259648;1985.301044
25-01-2001;122.8210104;2.091994429;2.446143641;1.465489683;1988.375462
26-01-2001;123.11697;1.864456926;2.721146742;1.458461439;1992.975089
27-01-2001;122.5068534;2.40267745;2.551041223;1.45872171;1995.09679
28-01-2001;123.4725828;2.027307066;2.80499282;1.458965054;1992.933162
29-01-2001;124.1123028;1.92693569;2.974968609;1.479690476;1997.631481
30-01-2001;123.927715;2.036936061;2.565106434;1.466830597;1991.343894
31-01-2001;123.1211478;1.730574742;2.723442056;1.472886489;1987.340537
01-02-2001;123.8480839;1.805677192;2.698812788;1.48877762;1983.019536
02-02-2001;123.840814;2.240082782;3.062180199;1.512492118;1988.919817
03-02-2001;124.5097222;1.868621144;3.020803301;1.509448143;1994.133759
04-02-2001;123.7625083;1.790617803;2.783478734;1.515362438;1997.070286
05-02-2001;123.5128208;2.107330551;3.053046262;1.522060041;2002.929935
06-02-2001;123.5654427;2.237140831;2.835995975;1.525014859;1999.033521
07-02-2001;123.638933;2.143790662;2.918503467;1.525026407;2001.276497
08-02-2001;123.4639002;2.199209537;3.502035627;1.530386161;2001.150624
09-02-2001;123.8253252;1.848640982;3.402138316;1.5060637;2005.885035
10-02-2001;123.341515;1.715637867;2.610125629;1.513884395;2005.808914
11-02-2001;123.3203253;2.30026673;3.248919725;1.516146174;2004.384199
12-02-2001;123.4304731;1.935464032;3.243418966;1.514921425;2007.588742
13-02-2001;123.7376925;1.949833397;2.655521013;1.536390047;2012.469588
14-02-2001;124.1434999;2.265638828;3.245633293;1.530640707;2009.627862
15-02-2001;123.6311789;2.111246002;3.461379576;1.527609947;2009.822483
16-02-2001;122.9141218;2.091177554;2.663236558;1.54852548;2005.03028
17-02-2001;123.6029602;2.433000469;2.724749154;1.541204867;1993.039975
18-02-2001;123.8191172;1.871296354;3.30529844;1.536703714;1994.542273
19-02-2001;123.4948739;2.185568026;3.081448593;1.53623346;1998.0868
20-02-2001;124.3204499;2.011402625;3.165442883;1.545640804;1999.897134
21-02-2001;124.4282872;2.053718456;3.102176765;1.548718829;1990.649326
22-02-2001;125.0679358;2.305693685;3.117208776;1.536792576;1989.395078
23-02-2001;125.1516951;2.101567151;2.602058362;1.53247089;1978.80334
24-02-2001;126.232069;2.107659216;3.314195312;1.527397346;1986.151845
25-02-2001;127.1597395;2.214501467;3.350876998;1.527625136;1981.221572
26-02-2001;127.0852574;1.927009454;2.931182777;1.532883572;1987.99859
27-02-2001;127.6210429;1.832158067;2.986956915;1.53806563;1993.227938
28-02-2001;127.9937308;1.791038161;2.540667749;1.521305512;1989.224987
01-03-2001;128.7280466;1.606728682;3.154276427;1.532944922;1984.061062
02-03-2001;128.2955849;2.411241426;3.171617233;1.53647061;1986.312913
03-03-2001;128.6886106;1.779358327;2.981342695;1.551315931;1982.591293
04-03-2001;129.2678229;1.955749275;3.337306008;1.556757914;1983.603716
05-03-2001;128.4384531;1.94463734;2.899776831;1.568771144;1981.689578
06-03-2001;127.8968239;2.06148134;3.169381778;1.574436597;1973.283786
07-03-2001;126.9272078;2.163147443;2.694100698;1.588898854;1962.631446
08-03-2001;126.8425044;2.172094698;2.992934355;1.595121361;1964.264867
09-03-2001;127.2512755;1.883384512;2.947693723;1.595142208;1961.957078
10-03-2001;128.052454;1.966575657;3.067592377;1.618866556;1959.691629
11-03-2001;128.1395014;2.05651599;2.889141921;1.628756927;1963.670949
12-03-2001;129.0038092;1.950261775;2.960558221;1.635494371;1970.03816
13-03-2001;128.3637584;2.321469115;3.247814151;1.623731327;1969.175436
14-03-2001;127.5620672;2.09819499;2.868970729;1.611848251;1967.972443
15-03-2001;127.5842934;2.146975557;2.51802687;1.615775406;1970.973158
16-03-2001;127.8263261;2.132576254;3.524875171;1.618230617;1964.68848
17-03-2001;127.8599787;2.234694771;3.414436224;1.613089392;1966.304245
18-03-2001;126.8762577;2.036204312;2.612321191;1.615499219;1969.563675
19-03-2001;126.8816977;1.74063361;3.206912342;1.632385488;1973.464826
20-03-2001;126.2794629;2.07993759;2.849107569;1.640339513;1964.281063
21-03-2001;126.6642992;1.869728621;3.079046165;1.629929428;1960.974286
22-03-2001;126.8975983;1.894276664;3.088267239;1.629814339;1957.08297
23-03-2001;126.4776584;2.117272804;2.92967766;1.622764675;1958.082405
24-03-2001;126.2707249;2.247656614;2.7648703;1.619887676;1960.986128
25-03-2001;125.7911182;2.004254315;2.792837684;1.616751519;1968.96968
26-03-2001;125.8097786;2.061766603;2.725142425;1.612975063;1966.994852
27-03-2001;126.3373498;2.340442989;2.750453338;1.601423709;1965.00699
28-03-2001;125.8944868;2.048150636;2.979846513;1.601147162;1971.25535
29-03-2001;126.19651;2.520336623;2.785272003;1.596541086;1973.238235
30-03-2001;125.9813812;2.113101929;3.20461562;1.568246599;1980.076492
31-03-2001;125.6349448;1.647847448;3.446173847;1.589776319;1982.020132
01-04-2001;125.6314296;2.150668324;2.825984028;1.601664016;1976.734549
02-04-2001;125.1638085;2.076231677;3.07182135;1.598901009;1970.568907
03-04-2001;124.9369838;2.257950551;3.149905533;1.600089199;1963.311346
04-04-2001;124.3880449;2.13463627;3.141600681;1.589372656;1967.121605
05-04-2001;125.4204074;1.972308803;3.02278658;1.607329885;1973.56459
06-04-2001;125.4880392;1.755140353;3.222804726;1.627302772;1983.3114
07-04-2001;125.1881765;1.958195349;3.144674686;1.629869709;1988.026927
08-04-2001;125.3451664;1.829895909;2.628701273;1.641105015;1994.34112
09-04-2001;125.3390024;1.88389531;3.260746819;1.643857883;1991.941038
10-04-2001;125.2785176;2.117715681;3.266187251;1.631490629;1986.658959
11-04-2001;125.6356009;2.333980901;2.771014169;1.628372395;1991.409356
12-04-2001;126.0643548;2.078934306;3.011381351;1.630691675;1993.997759
13-04-2001;125.8491042;1.760823388;3.204998698;1.627146197;1995.034981
14-04-2001;125.6111951;2.088920534;2.937205854;1.625959665;1997.471839
15-04-2001;125.5236693;2.239326297;3.321893414;1.626045669;1999.587766
16-04-2001;124.4227087;1.878043419;3.709161748;1.626236884;2006.50685
17-04-2001;123.7151131;1.973196567;2.76420419;1.627759469;2013.481778
18-04-2001;124.4485503;2.002937639;2.585686619;1.618153418;2016.70288
19-04-2001;125.3210341;1.843020337;3.091145579;1.611983257;2021.431894
20-04-2001;125.2465161;2.129656087;3.216468752;1.600137414;2024.502207
21-04-2001;125.5847946;1.97581037;2.930740088;1.61091557;2022.696359
22-04-2001;125.7904197;2.083906489;3.435978199;1.5908591;2026.979182
23-04-2001;127.3798601;1.822501564;2.59841826;1.603395004;2020.506707
24-04-2001;127.9896475;1.91250834;3.207875587;1.618258498;2026.276164
25-04-2001;127.9756887;2.144476272;2.818241754;1.616236692;2020.80355
26-04-2001;127.5479185;1.92543337;3.515813372;1.591205321;2022.732566
27-04-2001;126.7946954;2.34539277;3.597754606;1.588592215;2019.006796
28-04-2001;126.9464272;1.920072763;2.770003024;1.588950374;2022.273741
29-04-2001;126.6182518;2.044936945;2.835132859;1.579844392;2022.604115
30-04-2001;125.9571249;2.186518166;3.257876366;1.575692208;2015.130335
01-05-2001;125.6838385;1.716326853;2.883860805;1.59199416;2017.733833
02-05-2001;125.1930645;1.647838238;2.986376635;1.599643431;2015.34423
03-05-2001;126.0866353;1.694868737;3.007616526;1.59139779;2020.249963
04-05-2001;126.5774552;2.252516821;2.424098053;1.576421798;2020.756592
05-05-2001;126.6234689;1.889628371;2.995848676;1.574151625;2023.233697
06-05-2001;127.4134409;2.511639857;2.793081668;1.573017057;2018.945852
07-05-2001;127.5021251;1.88715048;2.852063153;1.578979049;2016.499191
08-05-2001;127.121483;2.036910261;3.433089601;1.574625882;2014.705997
09-05-2001;127.933045;2.308421991;2.623047932;1.580740878;2019.48951
10-05-2001;128.2525001;2.401218578;3.243961556;1.601092418;2028.376395
11-05-2001;127.783877;2.412300715;2.916311121;1.610247428;2024.850537
12-05-2001;127.7387076;2.241673246;2.916071949;1.610766543;2030.734777
13-05-2001;127.3508985;2.204812505;3.237111569;1.609935039;2020.38639
14-05-2001;126.7094986;2.11850539;3.102015388;1.607368307;2014.915443
15-05-2001;127.2225874;2.155672215;3.171183899;1.620174716;2010.621551
16-05-2001;128.2272957;1.889762857;3.290455398;1.614901582;2004.359007
17-05-2001;127.578012;1.836360223;2.900607485;1.616353809;1996.941065
18-05-2001;127.9094966;1.999325109;2.81632898;1.617865788;1999.50606
19-05-2001;127.6341753;1.965963075;2.674454842;1.613847946;1998.935722
20-05-2001;127.4406126;1.90935439;2.752376841;1.601123291;2001.332749
21-05-2001;127.1944156;2.139277489;3.884728328;1.605353036;2005.285112
22-05-2001;126.8124202;2.191061042;3.373403874;1.605742996;2007.113197
23-05-2001;126.8866811;2.017681377;2.59467769;1.611745401;2010.902013
24-05-2001;126.521206;2.295506016;2.603262613;1.607409398;2011.054351
25-05-2001;126.7064344;1.771662177;3.144559819;1.620617611;2005.619384
26-05-2001;126.7313154;1.961268108;3.164179439;1.612849873;2011.408455
27-05-2001;126.6618413;1.856635536;3.164665151;1.630970276;2008.962895
28-05-2001;126.2580595;1.626692677;2.923513262;1.614493911;2004.784913
29-05-2001;126.0196738;1.983463863;2.962363722;1.619841611;2004.395324
30-05-2001;126.4473695;1.975650498;3.098363857;1.625595918;2000.331269
31-05-2001;126.7478281;2.302689949;3.025767902;1.618640347;1998.744117
01-06-2001;126.3090504;2.126162337;2.334209888;1.623884287;2000.964387
02-06-2001;126.4087166;1.795162635;2.931060111;1.637679473;2003.206096
03-06-2001;126.8344101;2.370818513;2.74457807;1.616511285;1999.216945
04-06-2001;126.0497075;2.244206739;3.052563426;1.622538733;1997.278418
05-06-2001;126.3713876;2.116419541;3.895577701;1.598606025;2003.150083
06-06-2001;126.0900757;1.95470318;3.1102445;1.589949377;2006.132084
07-06-2001;126.4253751;1.808112153;2.905941094;1.607241041;2017.007409
08-06-2001;126.0937455;1.925558645;3.276540451;1.60242322;2023.40805
09-06-2001;125.2413044;2.217749724;3.144806366;1.591684421;2029.629515
10-06-2001;124.4775332;2.376917261;3.126028347;1.590705043;2023.190173
11-06-2001;124.5515757;2.308648706;3.182055178;1.612384107;2027.509474
12-06-2001;124.7314369;1.902230116;3.616963069;1.595067284;2027.74394
13-06-2001;124.3292786;1.776076513;2.660733469;1.585554185;2025.489031
14-06-2001;124.6985748;2.028177249;3.142089623;1.601528502;2026.829108
15-06-2001;123.9178148;1.646312127;2.722085661;1.621105525;2032.055166
16-06-2001;123.9347749;2.064633543;3.166653794;1.621071213;2035.059324
17-06-2001;123.3792668;1.970479483;2.724394047;1.609680686;2031.166955
18-06-2001;123.1033488;1.9067927;2.874789956;1.631639121;2035.379249
19-06-2001;123.1770481;1.681059387;2.911473026;1.648583545;2032.691312
20-06-2001;122.7968414;2.102720021;3.292745016;1.656373015;2034.274727
21-06-2001;122.6545636;1.893459832;3.275536333;1.649248991;2033.257977
22-06-2001;123.20771;1.766016633;2.626284787;1.649758698;2032.663646
23-06-2001;122.9692641;1.425547557;3.016480233;1.649155097;2036.99486
24-06-2001;123.4371102;1.994497019;2.787126044;1.65346361;2032.293892
25-06-2001;122.9222567;2.354450319;2.622448527;1.668973625;2042.519867
26-06-2001;123.2371588;2.332251843;2.934894885;1.678767795;2033.914437
27-06-2001;124.0079431;1.908580749;2.907455163;1.668994034;2031.426098
28-06-2001;122.8221209;1.879557588;3.728014946;1.683758999;2033.777158
29-06-2001;122.4736733;2.093754851;3.129887948;1.68789032;2037.198729
30-06-2001;122.8122093;1.800322912;2.58671475;1.695760978;2037.19635
01-07-2001;122.7606866;2.06035838;2.830567799;1.711426387;2037.409397
02-07-2001;122.9962596;2.153216056;3.306414989;1.701310584;2039.962147
03-07-2001;122.744267;2.245386645;3.626532832;1.701952328;2039.3068
04-07-2001;122.8375619;1.979969185;2.524205006;1.697637783;2046.772706
05-07-2001;122.8097233;1.95926525;2.436022684;1.682959189;2051.469452
06-07-2001;123.4436143;1.824403483;3.561289553;1.687426288;2056.333573
07-07-2001;123.6208247;1.834623929;3.116884253;1.713541854;2052.00279
08-07-2001;123.839626;1.954704222;2.73951218;1.696141077;2052.105848
09-07-2001;123.6836876;2.073473101;3.160388726;1.69681827;2051.103518
10-07-2001;123.4898844;2.182716925;2.209275678;1.7042237;2046.575511
11-07-2001;123.3236053;1.83936421;3.001012652;1.706454482;2048.876332
12-07-2001;123.5708314;2.298537714;3.098346352;1.706323201;2046.688103
13-07-2001;123.4103392;1.94577528;3.277281042;1.694331038;2050.465122
14-07-2001;123.6052266;1.995726541;2.695831214;1.697658905;2045.614164
15-07-2001;124.692927;1.850557664;3.025706148;1.691091265;2054.709367
16-07-2001;125.1784894;1.515151948;2.722372612;1.670192048;2050.727704
17-07-2001;125.0654776;2.176809079;3.076615127;1.68313797;2052.324216
18-07-2001;125.7160846;2.147368779;2.731396103;1.693721829;2056.783512
19-07-2001;125.5620469;1.943734489;2.877569748;1.695238438;2054.43031
20-07-2001;124.5929846;2.013398143;2.701255382;1.698529185;2059.192653
21-07-2001;124.1389414;2.103187844;3.195340873;1.710272365;2053.546735
22-07-2001;123.2535455;1.687490829;3.257535335;1.713515762;2061.307324
23-07-2001;123.1277887;1.894189465;2.929613829;1.723555938;2061.87807
24-07-2001;123.1869979;2.158852936;3.011471398;1.721581115;2059.396013
25-07-2001;124.0752166;1.749142115;2.565422576;1.735700953;2058.400104
26-07-2001;124.2886803;2.058711586;2.910097006;1.73990881;2062.944701
27-07-2001;124.22913;1.728683639;2.984938615;1.74284933;2060.522424
28-07-2001;124.6938328;2.093285996;3.786237927;1.731148719;2057.275636
29-07-2001;123.6382651;1.992871704;2.666409892;1.735018277;2056.667953
30-07-2001;123.8060724;1.676973637;3.439253172;1.727698728;2051.283142
31-07-2001;124.241505;2.232947871;3.299057632;1.722315901;2060.885862
01-08-2001;123.5522119;1.853081685;3.084190921;1.715162145;2058.553889
02-08-2001;124.1740889;1.837949513;3.527586145;1.705499795;2063.211973
03-08-2001;124.3933371;2.040113839;3.111631642;1.727747509;2064.759323
04-08-2001;124.2356932;2.22972747;3.116747759;1.7420609;2060.336653
05-08-2001;124.6020841;1.796835636;2.984063804;1.762264575;2060.806879
06-08-2001;125.7874305;2.01233597;3.367070665;1.751035625;2065.226893
07-08-2001;125.9283637;2.0857633;3.32894077;1.752748162;2064.785587
08-08-2001;126.1024739;2.138621121;2.812296814;1.740813086;2071.251151
09-08-2001;125.9227935;2.035288311;2.604225842;1.734856137;2076.858728
10-08-2001;125.5478713;1.926594432;2.939105809;1.726674867;2081.953303
11-08-2001;126.0130392;1.834481956;2.759988431;1.740070707;2080.155019
12-08-2001;125.6349973;2.017228777;2.980942628;1.737108411;2075.255807
13-08-2001;125.7207804;1.785572198;3.37123144;1.748792204;2072.687868
14-08-2001;125.5319517;1.415729903;2.862809503;1.755833413;2074.169073
15-08-2001;125.8214416;2.087311961;2.987152986;1.7798698;2077.398007
16-08-2001;126.0382727;2.180786968;3.01740682;1.766075358;2067.04015
17-08-2001;126.6070426;1.527413513;3.254529265;1.779667691;2067.499584
18-08-2001;126.4020344;1.798053859;2.3259332;1.792132099;2068.79003
19-08-2001;126.317097;2.123830852;2.817989912;1.783398311;2067.902309
20-08-2001;125.8777151;2.411499094;3.063385108;1.794469644;2074.858678
21-08-2001;125.7055685;2.004158742;3.360023687;1.798831094;2077.467578
22-08-2001;125.9442187;1.854399412;2.852429266;1.797556331;2084.518538
23-08-2001;126.372713;1.963420712;2.437034188;1.790316976;2083.938735
24-08-2001;125.9616304;2.274975284;3.185913434;1.784125882;2089.126123
25-08-2001;126.4464333;1.870807164;2.809391283;1.805624003;2097.801455
26-08-2001;127.1742523;1.840161599;2.643100002;1.806630831;2104.859922
27-08-2001;127.4309697;1.903451296;2.812696383;1.815452131;2099.899214
28-08-2001;128.4193676;1.809334278;2.944642393;1.808543137;2099.130833
29-08-2001;128.082473;2.024534063;2.818576601;1.801744608;2097.90501
30-08-2001;127.5101457;2.324935692;2.338330183;1.813564456;2100.851283
31-08-2001;126.6707856;2.064615855;3.269119859;1.801068694;2104.78305
01-09-2001;127.4688077;1.9495293;3.382462512;1.797916556;2101.088587
02-09-2001;127.8459905;1.941637746;3.195456597;1.79925683;2101.92778
03-09-2001;127.8681982;1.687361838;2.658694299;1.801370556;2092.328143
04-09-2001;128.0581825;2.176621955;2.93955254;1.800579623;2100.037868
05-09-2001;127.545438;1.984432561;2.998043605;1.805537821;2097.975997
06-09-2001;128.818314;1.963904017;3.179638317;1.813466379;2098.755316
07-09-2001;128.9329246;2.638621514;3.200502147;1.821812754;2097.707068
08-09-2001;129.037622;2.059750582;2.77974786;1.812954716;2103.937206
09-09-2001;129.4505053;1.84964179;3.024598667;1.811113165;2090.249673
10-09-2001;129.7410099;1.914728481;3.137184121;1.824060794;2090.666622
11-09-2001;129.9029519;2.229689142;3.436746697;1.834007266;2090.637528
12-09-2001;129.5577147;2.022654082;3.211351962;1.821278671;2088.869346
13-09-2001;129.8434489;1.712344404;3.236717006;1.82579347;2098.000479
14-09-2001;130.8344611;2.183845787;3.025147988;1.807011218;2094.063831
15-09-2001;131.5571711;1.866371183;3.423137744;1.808480567;2098.422812
16-09-2001;132.4037644;2.374659555;3.122928839;1.828458237;2100.704076
17-09-2001;132.1981566;2.216009613;2.741673627;1.81997931;2107.511673
18-09-2001;131.7533542;1.910535621;3.421010991;1.812636079;2104.675727
19-09-2001;131.7404607;2.256203272;3.209370982;1.821276377;2101.510883
20-09-2001;131.8183232;2.013571102;2.867086794;1.806848362;2107.491232
21-09-2001;132.415419;2.170554735;2.85615211;1.801520811;2110.117839
22-09-2001;131.6191866;2.096946563;3.088972664;1.808485223;2102.893152
23-09-2001;132.4339618;1.830728669;3.138955439;1.803142364;2100.696627
24-09-2001;132.4049578;1.871290034;3.05918768;1.801782665;2103.12854
25-09-2001;132.2415173;2.205992164;3.093392602;1.810224522;2107.817361
26-09-2001;131.7854651;1.933044934;3.509987212;1.815439982;2104.921208
27-09-2001;131.0080368;1.919270307;3.321462946;1.819108166;2090.849928
28-09-2001;131.4696221;1.808975484;3.057190677;1.816716944;2093.966044
29-09-2001;131.5562811;2.084719813;3.282393174;1.821417555;2088.364441
30-09-2001;130.9613006;2.412504984;2.690242829;1.821180228;2078.777747
01-10-2001;130.3637612;1.786493417;3.119378115;1.826758284;2065.116117
02-10-2001;130.2458689;2.004843891;3.542791905;1.822788964;2069.686021
03-10-2001;131.1303796;2.282444111;2.934586231;1.821963274;2070.829109
04-10-2001;131.050584;1.984071722;2.745709821;1.813063696;2070.200827
05-10-2001;130.3490125;2.090474359;2.804373333;1.81371362;2077.645948
06-10-2001;130.276141;1.787521294;2.673110089;1.806603611;2081.332572
07-10-2001;130.1897792;2.085661419;2.764571428;1.796463147;2089.914072
08-10-2001;128.8913358;1.962571147;2.88884757;1.800049758;2083.450395
09-10-2001;128.9141884;2.197145999;2.578329894;1.803177156;2083.777642
10-10-2001;128.8487212;2.23747721;3.0046855;1.812005893;2076.194075
11-10-2001;129.2468243;2.517912728;3.270683152;1.808694638;2075.547163
12-10-2001;130.2213024;2.115926635;2.727673146;1.813775166;2074.804084
13-10-2001;130.8345849;2.065159263;3.455785177;1.820283142;2078.437152
14-10-2001;130.7501406;2.03887686;3.153237627;1.82573088;2079.164971
15-10-2001;130.2468776;1.929366741;3.309174176;1.818474343;2082.782007
16-10-2001;131.5835575;2.067696769;2.802649634;1.820967978;2086.799208
17-10-2001;131.6631667;1.940919718;3.256357568;1.825609381;2098.073851
18-10-2001;131.7201314;2.033692195;2.67241983;1.826681166;2096.997368
19-10-2001;131.7580688;2.263519507;3.26707425;1.806816389;2092.792254
20-10-2001;131.9071112;1.798691487;3.051551802;1.809421285;2094.522672
21-10-2001;131.884931;2.227975712;3.165975366;1.832546596;2091.011272
22-10-2001;131.6481;2.263423013;2.647321618;1.829946203;2098.921076
23-10-2001;131.4246705;1.976386295;2.731479047;1.823665432;2098.004986
24-10-2001;131.4582939;1.57562902;3.179168465;1.828398918;2095.677104
25-10-2001;131.2365815;1.878435603;2.715495599;1.8325227;2093.820525
26-10-2001;130.9301586;2.259398909;3.138961888;1.845450051;2097.912613
27-10-2001;131.0333737;1.995426388;2.589858658;1.83387137;2097.623878
28-10-2001;130.9558851;1.800139554;3.254452264;1.842185172;2094.915544
29-10-2001;131.7578816;1.899045016;2.630243006;1.849089393;2103.742303
30-10-2001;130.4823967;2.168124005;3.165689981;1.848667928;2099.961454
31-10-2001;131.0781501;2.109346714;3.18768928;1.853054801;2100.639284
01-11-2001;131.7511927;1.95221358;2.790968454;1.864349376;2104.400815
02-11-2001;130.7644976;1.926635118;3.17460797;1.874072529;2096.74414
03-11-2001;130.6431538;1.92164837;3.078132679;1.863642336;2099.645442
04-11-2001;130.5074334;1.815517963;2.838347443;1.872843918;2094.869904
05-11-2001;129.8536775;2.323075138;2.697433595;1.873197032;2099.483818
06-11-2001;129.5147692;1.935535906;2.411212292;1.874925773;2095.170563
07-11-2001;129.0094813;2.243431704;3.104895014;1.876657743;2099.134408
08-11-2001;129.9356165;2.30426321;2.530559169;1.876155313;2105.163573
09-11-2001;130.4534557;2.19966218;3.02860326;1.889072388;2109.970756
10-11-2001;131.1392332;1.913675937;2.920965535;1.889235209;2111.727339
11-11-2001;131.5500693;2.080746018;3.203742833;1.879039747;2111.070834
12-11-2001;131.0355434;1.995160879;2.90938635;1.876104449;2108.688736
13-11-2001;130.8232832;1.819259628;2.901165664;1.878891396;2116.54391
14-11-2001;131.1179705;2.064871856;3.219561211;1.892183544;2113.546434
15-11-2001;130.5569066;1.764192042;3.100517409;1.899214491;2108.861103
16-11-2001;130.9634058;2.237535878;3.094846787;1.891709138;2112.687948
17-11-2001;130.8932431;1.907076541;3.140780277;1.917561037;2109.207264
18-11-2001;130.7558327;2.040231931;2.539328363;1.92120879;2104.956946
19-11-2001;131.1613127;2.056657574;3.227036604;1.934962697;2098.238925
20-11-2001;131.4334444;1.948219005;3.183740638;1.934445553;2096.324376
21-11-2001;131.3029613;2.11733876;2.694995061;1.940779146;2096.410801
22-11-2001;131.9326262;1.905019269;2.926775858;1.950173831;2098.126259
23-11-2001;131.4420945;2.174259459;2.988207814;1.963355778;2103.382791
24-11-2001;131.8000623;1.730804064;2.959650965;1.974929461;2106.51728
25-11-2001;132.146613;2.025275916;3.10015799;1.984651431;2106.062919
26-11-2001;132.0418397;2.3877858;3.429410035;1.982500563;2105.571941
27-11-2001;132.2549062;1.799933735;3.324530018;1.977783103;2108.622728
28-11-2001;131.6793495;1.864451006;2.606334242;1.982109178;2115.485579
29-11-2001;132.191363;2.10278157;3.186620997;1.992440459;2116.61715
30-11-2001;132.1489119;2.035916356;3.398679996;1.991213252;2114.771496
01-12-2001;131.9375504;2.07012602;3.116042556;2.002864971;2110.307166
02-12-2001;132.512055;2.097837426;3.327294128;2.018391139;2103.581139
03-12-2001;132.2098832;2.126944294;3.603681134;2.01022793;2107.412488
04-12-2001;131.5556525;2.221939968;3.307112864;2.002858723;2110.80238
05-12-2001;130.8273379;2.081963731;3.074792579;2.002454972;2114.189198
06-12-2001;131.1803429;1.951748469;3.313526542;2.006531099;2114.045901
07-12-2001;130.5901282;2.13451474;3.04346635;2.002285429;2121.580574
08-12-2001;131.5175253;2.379976387;3.007170913;2.016807455;2119.659982
09-12-2001;130.5265606;1.973473251;2.894575729;2.022048124;2124.936328
10-12-2001;131.4247888;1.805094139;3.469024008;2.023442595;2125.242614
11-12-2001;131.5802975;2.221416134;2.7544714;2.010083499;2122.70086
12-12-2001;131.581941;1.975923767;3.459710317;1.997925341;2126.163511
13-12-2001;131.3594814;1.565466091;3.149959237;2.001735434;2128.711692
14-12-2001;131.6090495;2.169484335;2.580208148;1.981409477;2130.996556
15-12-2001;131.6402321;1.892934363;3.110294788;1.992535851;2131.902948
16-12-2001;132.2418831;1.981893344;2.369992048;1.991954313;2132.213482
17-12-2001;132.3489969;2.066396066;3.187652405;2.025385243;2144.655342
18-12-2001;132.4741478;2.038099936;3.265569445;2.049464405;2151.076626
19-12-2001;132.3423417;2.141890363;2.822293213;2.048649915;2155.19076
20-12-2001;132.3638689;1.912902726;3.037064309;2.048586545;2156.249756
21-12-2001;132.5677697;2.10262116;3.58624723;2.05954236;2161.785542
22-12-2001;131.7626856;1.948090664;2.848275989;2.077574086;2164.875516
23-12-2001;131.1385928;2.147762096;2.682327724;2.062193795;2165.50654
24-12-2001;131.5602249;2.123073497;3.444499021;2.045330041;2164.488718
25-12-2001;131.6956576;1.81291226;3.588776157;2.040109692;2164.584131
26-12-2001;131.6536659;2.217196423;3.001108702;2.046937068;2149.232003
27-12-2001;131.7128829;1.892807311;3.303438911;2.052905804;2150.785007
28-12-2001;131.9366738;2.16161156;3.402442775;2.064603519;2148.842626
29-12-2001;131.7167939;2.073457463;2.77725473;2.053606543;2157.305976
30-12-2001;131.3776416;2.367636735;2.854408249;2.031445105;2157.902697
31-12-2001;131.5255642;1.955306804;3.369262354;2.041025247;2152.45788
01-01-2002;131.0863778;1.930136641;3.505504284;2.033743284;2152.708479
02-01-2002;131.3405042;1.996116079;3.168864258;2.014558405;2147.977873
03-01-2002;130.5392124;1.939364043;2.736055694;2.017009043;2150.844911
04-01-2002;131.1037902;2.15998838;3.596118334;2.0259408;2152.799647
05-01-2002;131.3900889;1.676737878;2.840708731;2.025720228;2158.088846
06-01-2002;131.5681038;1.789263516;2.899458666;2.022141745;2154.634437
07-01-2002;132.1094493;1.786439416;3.10270135;2.021548122;2155.304477
08-01-2002;132.9921865;2.190061518;3.466248126;2.018842295;2148.979368
09-01-2002;133.5493715;2.342122675;3.256192793;2.006361824;2152.986842
10-01-2002;132.6789344;1.979110156;3.12445965;2.000215017;2156.081198
11-01-2002;132.0891459;1.966235655;3.138986559;2.006427816;2159.060223
12-01-2002;131.8267367;2.014010433;3.013054401;2.010644601;2159.568318
13-01-2002;131.8897822;2.232375661;3.167441854;2.013325199;2162.142183
14-01-2002;132.1986117;1.814529373;2.241131977;2.004373714;2170.663878
15-01-2002;131.8857398;2.047673797;2.911017762;2.003558683;2169.738407
16-01-2002;132.0291232;2.195039526;3.07239658;1.982788032;2170.931633
17-01-2002;131.7014317;2.100218834;2.654695775;1.985572799;2166.001001
18-01-2002;131.4456728;2.037916323;3.115896995;2.000861376;2162.159696
19-01-2002;130.7923423;2.200209219;2.938658634;1.987120055;2163.148763
20-01-2002;130.3807256;1.459353541;3.526642709;1.982260778;2169.168431
21-01-2002;129.7548833;2.135575064;3.471905918;1.986551846;2168.387027
22-01-2002;129.3169467;1.869184863;2.860258329;2.000080272;2167.707444
23-01-2002;129.8937676;1.633873421;2.954748687;1.996598026;2166.173018
24-01-2002;129.4690682;2.10224052;2.97781573;1.990675523;2163.999234
25-01-2002;130.8352592;2.274731709;2.864502157;1.971986291;2165.974092
26-01-2002;131.1319181;1.972510297;3.058507495;1.974020673;2158.987803
27-01-2002;131.2743362;2.190574909;2.772515379;1.995441433;2165.892501
28-01-2002;130.8951573;2.322455652;2.6608154;1.999215018;2163.06539
29-01-2002;131.2953122;2.262982891;3.186813367;1.999992228;2167.174907
30-01-2002;131.0574933;2.327992906;3.188858875;2.004213051;2161.324914
31-01-2002;131.1684982;2.148425498;2.758705272;2.005102131;2165.169115
01-02-2002;132.4985405;2.015086728;3.268606629;1.997971987;2169.028838
02-02-2002;132.5005106;1.679606838;2.810526681;2.007204786;2171.449848
03-02-2002;133.1251472;1.950787502;3.075949571;2.010462402;2166.977706
04-02-2002;132.823559;1.831350681;3.246103204;2.011638534;2168.725447
05-02-2002;132.8560648;2.434188543;2.989916231;2.002884874;2163.310166
06-02-2002;133.7914651;1.964822838;3.136422274;2.016919953;2162.546349
07-02-2002;133.5279816;2.024640961;2.845071107;2.024566981;2168.193415
08-02-2002;134.4842058;2.110297075;2.941060025;2.020037772;2172.676925
09-02-2002;134.8880818;2.008720489;2.938242171;2.031056021;2173.252839
10-02-2002;134.6568484;2.339010208;2.776026496;2.027080312;2168.878806
11-02-2002;135.0230523;1.875470128;2.946967751;2.020260277;2172.606745
12-02-2002;135.5593295;2.038921491;2.53541451;2.013663246;2173.203651
13-02-2002;135.9202345;1.851505883;2.852653876;1.996952561;2162.102073
14-02-2002;135.1851221;1.735995498;2.914537352;2.002667985;2166.515222
15-02-2002;134.8715535;1.877646182;2.923146074;1.985356536;2166.894058
16-02-2002;134.7977942;1.992592641;2.927550766;1.974072097;2173.406314
17-02-2002;134.8105775;1.914139555;2.98147074;1.954316217;2168.429962
18-02-2002;135.1709136;1.861515804;3.143832455;1.95445552;2153.046443
19-02-2002;135.3097641;1.718736507;3.262355122;1.953952316;2154.941862
20-02-2002;134.6920919;1.983378885;2.805070432;1.951685354;2156.89968
21-02-2002;134.9321908;1.699055925;2.639039743;1.942259577;2148.946322
22-02-2002;135.2874837;2.152011193;2.687386676;1.931537239;2144.553824
23-02-2002;135.6173789;2.016487951;2.853839124;1.937180938;2158.829913
24-02-2002;136.2077693;1.7084897;2.894423605;1.932675418;2157.80186
25-02-2002;136.6747303;1.938158185;2.76900118;1.936839002;2161.956655
26-02-2002;136.9543204;1.849568719;2.611165001;1.928986515;2159.203356
27-02-2002;136.9692375;2.063834902;2.863163752;1.931797142;2149.251841
28-02-2002;136.1887571;2.268090089;3.054427986;1.945829923;2148.90055
01-03-2002;136.4535662;1.624965506;3.17850884;1.952691581;2148.072527
02-03-2002;136.60741;2.023005216;2.832773084;1.949567442;2146.573136
03-03-2002;136.7931994;1.967973441;2.876100653;1.953139432;2146.499932
04-03-2002;136.2048251;2.134268015;2.721990507;1.95173278;2148.321273
05-03-2002;135.7142969;2.042639326;2.990568249;1.952811582;2148.070689
06-03-2002;136.2908733;1.849606134;2.74547141;1.950555472;2142.250658
07-03-2002;136.3210957;1.936189213;3.171938344;1.94991212;2145.181582
08-03-2002;136.7118461;1.840794829;2.464240052;1.953033053;2135.934723
09-03-2002;136.7760053;2.215201428;2.892111098;1.944099466;2126.182936
10-03-2002;136.8408833;2.00426233;3.090332202;1.934940678;2130.378838
11-03-2002;137.3600252;2.380238137;3.055150355;1.922055252;2133.413939
12-03-2002;137.1520029;1.987867837;3.807910099;1.907052541;2133.626963
13-03-2002;137.2500633;1.858318647;3.104940007;1.895879714;2127.14972
14-03-2002;137.0689256;1.697257121;2.698783621;1.89847434;2124.110165
15-03-2002;136.9016775;1.639372065;2.971360726;1.890546464;2123.296432
16-03-2002;136.7970914;1.683172811;2.4671261;1.896682609;2115.816962
17-03-2002;136.9581583;2.05342533;2.975820075;1.898029747;2112.621819
18-03-2002;136.768784;2.101745005;2.750083183;1.879344704;2116.38347
19-03-2002;137.4466621;1.68376186;3.274617083;1.88689446;2124.019997
20-03-2002;137.0493584;2.179007663;2.835137918;1.896002447;2122.422823
21-03-2002;137.0059226;1.90338779;2.964970225;1.88706382;2126.705265
22-03-2002;136.8360571;2.029358602;2.809332648;1.892265735;2117.634965
23-03-2002;137.609546;2.322444126;3.521655406;1.884700753;2121.432221
24-03-2002;137.7578234;2.179367863;2.90362717;1.886677457;2117.912479
25-03-2002;138.3237457;1.94629387;3.549767113;1.875032473;2119.949207
26-03-2002;137.6309655;1.821761555;3.244245529;1.858101408;2119.210445
27-03-2002;137.8144906;1.56963692;3.144620018;1.855273236;2126.312515
28-03-2002;138.309306;1.856169336;3.110619944;1.855035947;2122.440337
29-03-2002;138.400448;1.957773952;3.118139189;1.85205915;2126.078368
30-03-2002;138.9831882;1.802564095;2.421698226;1.841218844;2125.180831
31-03-2002;138.774544;1.973748607;2.916334982;1.838219854;2124.889303
01-04-2002;139.5292177;2.015370377;3.253547391;1.841912801;2124.470034
02-04-2002;140.7286668;1.955028804;2.985330845;1.842463871;2120.741668
03-04-2002;140.5972475;1.869999484;2.578443046;1.845288881;2121.171174
04-04-2002;140.4244962;2.033730934;2.984278665;1.839587729;2121.357932
05-04-2002;141.2011885;2.08838813;3.511231655;1.852304908;2123.064134
06-04-2002;142.0409745;1.781920185;3.374067515;1.841543175;2123.986659
07-04-2002;141.8295445;2.282186476;2.981398797;1.847418778;2128.476632
08-04-2002;141.6694511;1.980282374;3.285434783;1.860237689;2133.594175
09-04-2002;141.5785588;2.003769925;2.890047894;1.86604677;2128.841059
10-04-2002;140.9563335;2.141642885;2.488838524;1.865021528;2133.684921
11-04-2002;140.5470076;2.046643226;2.722660204;1.860738557;2128.253239
12-04-2002;140.0949372;2.190627327;3.468866631;1.872099434;2131.692518
13-04-2002;139.7610384;2.057424833;2.917802075;1.858869684;2135.291212
14-04-2002;139.793696;1.877512525;2.926984806;1.850168442;2126.234628
15-04-2002;139.9608033;2.072300705;2.910048541;1.847192864;2127.199524
16-04-2002;140.7860536;1.771254759;3.571240977;1.860569402;2125.357044
17-04-2002;140.3368766;2.021711941;3.487787675;1.865367078;2122.063217
18-04-2002;140.8790378;1.993354002;3.66563407;1.85668662;2129.317479
19-04-2002;140.8220433;1.958376629;2.952286437;1.854583543;2126.549083
20-04-2002;140.8473115;1.974292498;3.088687347;1.849440312;2123.017199
21-04-2002;141.2347212;1.623630191;2.545007235;1.843342422;2123.895673
22-04-2002;140.7233602;1.890255018;3.443080328;1.854131318;2127.823622
23-04-2002;140.9645651;2.01856898;2.649666135;1.841413886;2127.615379
24-04-2002;141.0977912;2.031971278;3.065032669;1.858501695;2133.947232
25-04-2002;141.3940168;1.794464972;2.670809242;1.867783992;2137.10211
26-04-2002;141.5886011;2.253141568;2.823339952;1.879692608;2126.711054
27-04-2002;142.8662512;1.82676503;2.748821271;1.876063213;2124.563719
28-04-2002;142.5973812;2.19389144;2.817637422;1.875563806;2122.254508
29-04-2002;142.3818827;2.085438872;2.838263189;1.862232288;2125.151313
30-04-2002;142.1203125;1.870754538;2.835519362;1.857985664;2112.527228
01-05-2002;141.8925739;2.355062179;3.250000174;1.863922212;2125.772276
02-05-2002;141.6238804;1.761272634;2.668541162;1.877882843;2128.927407
03-05-2002;142.2683886;2.183830835;3.066162428;1.867811275;2130.171791
04-05-2002;143.0286407;2.200116464;3.365387746;1.865156215;2136.579629
05-05-2002;142.7932676;1.865875958;2.846041091;1.864643223;2148.7979
06-05-2002;142.4270898;2.27849306;2.784624333;1.851685331;2153.651633
07-05-2002;142.7127976;1.949990697;2.930842612;1.858598824;2158.895698
08-05-2002;142.4866861;2.057738726;3.353917563;1.85235892;2160.049148
09-05-2002;142.853152;2.052064368;3.058232289;1.851405017;2159.84152
10-05-2002;143.0046135;1.973138252;2.840635712;1.847885523;2157.962542
11-05-2002;142.2967414;2.162161655;3.145162995;1.840992138;2154.331983
12-05-2002;143.120494;2.158697744;2.669312355;1.841921688;2151.396912
13-05-2002;144.0684329;1.650293605;3.204407853;1.840765592;2145.144132
14-05-2002;143.8120385;2.260868049;3.122582192;1.838047014;2145.264775
15-05-2002;143.6681877;1.667501602;2.907657459;1.831762397;2137.341437
16-05-2002;143.8611204;2.206509241;2.74842426;1.835957644;2138.79602
17-05-2002;144.0783488;2.225341027;2.733995723;1.853493817;2139.114367
18-05-2002;144.457621;1.781806714;3.160445201;1.855892689;2140.349043
19-05-2002;145.5127232;1.917837142;3.368694151;1.866853871;2138.238385
20-05-2002;145.4742496;1.778859066;2.808807676;1.853951652;2154.122687
21-05-2002;145.125101;1.957015794;3.137516011;1.856529266;2161.423267
22-05-2002;144.4854414;1.938393143;2.373891894;1.846555583;2155.700554
23-05-2002;144.1699764;2.155932106;2.824614681;1.832786334;2157.364895
24-05-2002;144.2034129;2.262061749;2.99068232;1.82639262;2154.824864
25-05-2002;145.1506918;2.279136762;2.727094975;1.839311613;2150.252465
26-05-2002;144.9418862;1.887566395;2.719048088;1.849811771;2144.052105
27-05-2002;145.1037801;1.958155625;2.799666133;1.853241819;2146.713188
28-05-2002;145.1455687;1.663312362;3.087657818;1.838914813;2143.806287
29-05-2002;145.7897653;1.838825987;2.943801294;1.837952007;2149.145417
30-05-2002;147.1032315;2.192970327;2.32853063;1.841969007;2154.614328
31-05-2002;146.8877972;2.323116565;2.363789954;1.844724369;2161.9839
01-06-2002;146.6930774;1.753130226;2.817940447;1.827286433;2158.221966
02-06-2002;147.2651579;1.881507148;3.137305976;1.819383255;2161.098794
03-06-2002;147.6561036;1.994718849;2.175748547;1.819742477;2164.761066
04-06-2002;148.6294573;2.056032232;2.850080947;1.826105386;2162.890175
05-06-2002;148.9714214;1.838079296;2.842125643;1.805144108;2159.531315
06-06-2002;148.8417753;2.084812209;3.416501333;1.804522868;2168.078918
07-06-2002;149.1871027;1.905232131;2.884493456;1.806953356;2169.716398
08-06-2002;149.7914545;1.997109546;3.114896695;1.816449476;2173.396236
09-06-2002;150.2516956;2.10925685;3.042377142;1.824378052;2169.785856
10-06-2002;150.5553326;2.001284454;2.360830056;1.831203765;2164.189434
11-06-2002;151.13867;1.912722822;3.230462165;1.82420436;2161.842185
12-06-2002;151.7733178;1.978078039;3.064618952;1.806124338;2161.722078
13-06-2002;152.5143973;1.982327408;3.152480592;1.803193811;2156.900978
14-06-2002;152.8887522;1.925997794;4.177871312;1.814210129;2157.351754
15-06-2002;152.8551932;1.948240787;2.374766118;1.829144674;2149.409228
16-06-2002;152.97855;2.319729434;3.517408995;1.837250165;2144.308991
17-06-2002;153.6318045;2.11218389;2.913765744;1.842543574;2148.163547
18-06-2002;153.2733367;1.940903936;3.086198671;1.84733997;2151.6825
19-06-2002;153.5076733;2.139390881;2.986346326;1.842778783;2150.223116
20-06-2002;153.3610039;1.933236102;2.8727291;1.84247818;2145.634294
21-06-2002;153.4253763;2.234624928;2.829050122;1.860168875;2140.997277
22-06-2002;154.1146023;2.073928438;3.098852621;1.851743295;2139.630936
23-06-2002;154.2601518;1.978539571;2.544847891;1.868891083;2143.353528
24-06-2002;154.3333701;2.089543385;3.22517375;1.866670801;2148.494756
25-06-2002;153.703442;1.68582477;2.875141679;1.880925122;2146.512098
26-06-2002;154.1265688;1.774646506;2.660979198;1.867856972;2141.244636
27-06-2002;154.4993109;1.761214999;2.864996143;1.874716014;2143.083854
28-06-2002;155.6309382;2.028588619;3.377144765;1.868348313;2139.466179
29-06-2002;155.5270491;2.346503;2.839399474;1.855195641;2137.374916
30-06-2002;155.6866243;2.446260029;3.107536085;1.858380981;2144.501296
01-07-2002;155.8613161;2.12761022;2.780713117;1.869475699;2149.136873
02-07-2002;156.7000428;2.100168895;3.227376555;1.862026285;2150.426745
03-07-2002;156.702395;1.639788453;3.205652322;1.848036125;2144.56715
04-07-2002;156.8919058;1.89146524;3.55458265;1.848117678;2146.124133
05-07-2002;157.245854;1.84244325;2.947330816;1.848243324;2151.937419
06-07-2002;157.3891586;1.87583048;3.200596441;1.854726521;2150.559251
07-07-2002;157.2159418;1.966371236;3.029420262;1.865222466;2157.814821
08-07-2002;157.3629868;1.905581884;3.388761535;1.865628314;2164.778548
09-07-2002;157.9498026;1.604140038;2.784350284;1.885183348;2173.597212
10-07-2002;157.486545;2.149582051;3.223501594;1.888425695;2175.623428
11-07-2002;157.6030298;1.785451395;2.941590811;1.88596143;2179.060386
12-07-2002;157.3029694;2.047849373;2.980743547;1.870845756;2186.631322
13-07-2002;157.9504927;2.414816534;3.027525745;1.869219161;2189.368292
14-07-2002;157.2388993;1.816123082;3.075672119;1.866855292;2187.362122
15-07-2002;157.0094384;1.493942495;2.965131287;1.87745834;2185.619407
16-07-2002;157.2480443;1.942799156;3.064413955;1.883083176;2187.312182
17-07-2002;158.0808063;2.220191927;3.473435417;1.872289485;2181.359375
18-07-2002;158.0979312;2.391669491;3.295634906;1.875012029;2181.143081
19-07-2002;157.8703314;1.754090081;3.260746378;1.88272734;2187.125816
20-07-2002;158.8609099;2.099339845;2.863338142;1.899007654;2176.669547
21-07-2002;158.186903;1.906937909;2.733227752;1.908882694;2184.841957
22-07-2002;157.1375;1.978810329;3.286590167;1.91749116;2190.953828
23-07-2002;157.4075072;2.528868669;3.262814038;1.91909202;2189.155005
24-07-2002;157.2064801;1.699405934;3.441801203;1.92397514;2192.37196
25-07-2002;156.7458637;2.050747932;2.818805812;1.937470189;2192.887698
26-07-2002;157.1500419;2.093538634;2.931135403;1.925142415;2199.53765
27-07-2002;157.3219423;2.217157265;2.508154751;1.922648022;2204.951066
28-07-2002;157.089903;2.019596631;2.882258668;1.915922334;2198.450712
29-07-2002;156.4997508;2.061610108;3.298971153;1.920713866;2201.887024
30-07-2002;156.9859795;1.921670287;2.860051386;1.934016087;2201.358885
31-07-2002;157.36108;2.053825388;3.192143939;1.929046344;2202.273048
01-08-2002;157.3614921;1.931361545;2.942849068;1.906143301;2199.132188
02-08-2002;158.3348106;2.124314378;3.097217108;1.903021093;2208.372874
03-08-2002;157.8497682;1.926077933;2.655692583;1.913155831;2214.073183
04-08-2002;157.1370056;2.075420079;3.025562835;1.91953213;2210.874327
05-08-2002;156.8410516;1.994147437;2.102659209;1.924813992;2204.701274
06-08-2002;156.8682586;2.22521005;2.943931153;1.923014059;2203.272911
07-08-2002;157.0399283;1.989721255;2.510858027;1.911223752;2205.945424
08-08-2002;156.9693103;1.645393506;3.361798355;1.917376695;2207.646453
09-08-2002;157.195338;2.2523843;3.233222206;1.910033877;2214.412117
10-08-2002;156.6195683;1.81885354;3.140001295;1.932874844;2218.861716
11-08-2002;157.3914506;1.869246732;3.456301868;1.939579916;2224.209561
12-08-2002;157.400375;1.880867741;2.715325044;1.934773433;2226.343838
13-08-2002;158.0090229;2.274887619;3.524208959;1.929659581;2219.897344
14-08-2002;158.2303856;1.572865157;3.279657469;1.929730139;2219.418852
15-08-2002;158.5087622;2.627549707;2.929033414;1.92833512;2225.2193
16-08-2002;158.8436458;2.211211362;3.340686044;1.940503457;2225.461686
17-08-2002;159.1175001;2.044647783;2.668111946;1.943367619;2228.477138
18-08-2002;159.4888615;1.9890212;2.752645752;1.937051302;2227.383396
19-08-2002;160.2034378;2.057110815;2.817423083;1.956955708;2222.734337
20-08-2002;160.3516983;2.104224486;2.841306688;1.958448792;2222.617616
21-08-2002;160.7562002;2.129043117;2.683032707;1.967137189;2224.662854
22-08-2002;160.7613324;2.111120893;3.36692492;1.962054923;2221.884415
23-08-2002;161.531391;2.017916136;2.92234368;1.96668608;2221.205859
24-08-2002;161.2431948;1.960532316;3.105751491;1.97079718;2217.008543
25-08-2002;162.193665;1.969745343;2.82889459;1.952900687;2223.104767
26-08-2002;162.2235861;1.961018344;2.45381901;1.974053438;2222.132488
27-08-2002;161.5581985;2.226754019;3.081017208;1.987959882;2229.896266
28-08-2002;161.6722507;2.118711344;2.426323507;1.984987929;2238.040005
29-08-2002;161.3817249;1.411922273;2.979409786;1.974965232;2238.134776
30-08-2002;161.8520467;2.131180155;2.589505488;1.979440848;2233.592532
31-08-2002;161.5757347;2.038947239;3.5961828;1.981307825;2223.663043
01-09-2002;161.402643;1.996258249;3.273408817;1.985864514;2216.802857
02-09-2002;160.5078726;1.922296309;3.031726137;1.988780288;2210.433683
03-09-2002;160.3317194;2.224822544;3.379112003;1.994842698;2217.826031
04-09-2002;159.1697798;2.189505292;2.746105207;2.010315755;2218.905154
05-09-2002;158.4278284;1.845424466;3.163043814;2.016996787;2221.353177
06-09-2002;158.8580357;2.081410457;3.05994313;2.007500232;2210.751072
07-09-2002;159.3009358;1.805668653;3.079206024;2.022125861;2205.26124
08-09-2002;159.5636646;1.724076367;3.38170605;2.039532007;2210.196638
09-09-2002;159.1301765;1.874656555;3.219747631;2.072052574;2212.130509
10-09-2002;159.1563208;2.172478694;3.086617099;2.061817634;2211.894483
11-09-2002;159.2045195;2.190625009;2.503533769;2.065246454;2215.218694
12-09-2002;158.6753372;2.102617084;2.711986111;2.045425467;2223.897683
13-09-2002;159.4770363;2.145019157;2.96318732;2.051956958;2223.292471
14-09-2002;159.9657175;2.103235657;3.028011712;2.047474955;2224.13932
15-09-2002;159.9052354;1.871703681;2.660938883;2.067709413;2225.602305
16-09-2002;159.9686783;2.086384509;3.723503003;2.060963264;2238.062853
17-09-2002;160.1228697;2.160081905;3.454918217;2.045071433;2228.066072
18-09-2002;159.1520023;2.150858266;3.180635496;2.041358796;2231.982187
19-09-2002;159.0784136;2.237782674;3.021611058;2.022603918;2231.908175
20-09-2002;158.7874215;2.141660769;2.936337309;2.031114913;2235.242034
21-09-2002;158.3366115;2.070289642;2.714424462;2.011464082;2232.455171
22-09-2002;158.2460613;2.214030048;3.023244156;2.012748658;2232.710346
23-09-2002;159.1949046;1.994695748;3.077325762;1.99297054;2236.767399
24-09-2002;159.565326;1.82362507;2.627471827;1.990767562;2252.83195
25-09-2002;159.3297365;1.967386607;3.100252925;2.008201343;2257.372131
26-09-2002;159.6660279;1.851019471;2.953422285;2.012807822;2253.631803
